Timestamp,User Input,Emotion,Confidence,AI Response
2026-07-13 20:47:59.886790,I am confused because I don't understand recursion,Confused,"{'Bored': 0.0, 'Confident': 33.33, 'Confused': 66.67, 'Curious': 0.0, 'Frustrated': 0.0}","I understand you are feeling Confused.

Learning Tips:
- Break the topic into smaller concepts.
- Practice with simple examples.
- Revise the basics and try again."
2026-07-13 20:53:08.610567,I failed my programming exam and I feel frustrated,Frustrated,"{'Bored': 0.0, 'Confident': 0.0, 'Confused': 0.0, 'Curious': 0.0, 'Frustrated': 100.0}","I understand you are feeling Frustrated.

Learning Tips:
- Break the topic into smaller concepts.
- Practice with simple examples.
- Revise the basics and try again."
